DateTime,Experiment,Iteration,RequestedAngle,RequestedSpeed,voltage,Correction,Deceleration,GyroStartAngle,GyroEndAngle,ActualStartAngle,ActualEndAngle,GyroError,ActualError,StartFoundRobot,EndFoundRobot

2023-08-15 18:57:02.805813,0,0,270,800,8207,-0.02,300,0.0,-90.19067,327.869174672669,237.3908566606809,90.19067,90.47831801198808,True,True

2023-08-15 18:57:12.276342,0,1,270,800,8207,-0.02,300,0.0,-89.94678,237.3908566606809,148.41235764186843,89.94678,88.97849901881247,True,True

2023-08-15 18:57:21.061364,1,0,330,500,8205,0,400,0.0,-25.04431,148.2528495426089,123.26691584358775,25.04431,24.98593369902116,True,True

2023-08-15 18:57:29.655603,1,1,330,500,8206,0,400,0.0,-26.15417,123.26691584358775,96.30544597726862,26.15417,26.961469866319135,True,True

2023-08-15 18:57:38.358385,1,2,330,500,8206,0,400,0.0,-27.24731,96.581944655178,69.55045238920742,27.24731,27.031492265970584,True,True

2023-08-15 18:57:46.937665,1,3,330,500,8205,0,400,0.0,-26.77283,69.8351675552649,43.32760563891074,26.77283,26.507561916354163,True,True

2023-08-15 18:57:56.509731,2,0,120,600,8204,0,500,0.0,114.6039,43.111811993259074,157.00272903561907,114.6039,113.89091704236,True,True

2023-08-15 18:58:05.906262,3,0,120,300,8204,0,200,0.0,115.7083,156.8823356747872,270,115.7083,113.11766432521279,True,True

2023-08-15 18:58:15.243904,3,1,120,300,8203,0,200,0.0,116.035,270.6295986084103,180.0,116.035,90.62959860841028,True,True

2023-08-15 18:58:24.491479,4,0,30,500,8203,0.01,400,0.0,24.828,180.0,51.47836457977288,24.828,128.5216354202271,True,True

2023-08-15 18:58:33.083906,4,1,30,500,8202,0.01,400,0.0,25.61475,51.52576447195111,77.60459316624154,25.61475,26.07882869429043,True,True

2023-08-15 18:58:43.574973,4,2,30,500,8202,0.01,400,0.0,26.42676,77.60459316624154,104.11153354221626,26.42676,26.50694037597472,True,True

2023-08-15 18:58:52.444180,4,3,30,500,8202,0.01,400,0.0,26.68799,104.03624346792647,131.15754687208513,26.68799,27.121303404158667,True,True

2023-08-15 18:59:01.519694,5,0,300,500,8202,0.02,200,0.0,-48.54504,131.15754687208513,82.17864789562506,48.54504,48.97889897646007,True,True

2023-08-15 18:59:10.692602,5,1,300,500,8200,0.02,200,0.0,-49.09515,82.17864789562506,33.85400350068812,49.09515,48.32464439493694,True,True

2023-08-15 18:59:20.159375,5,2,300,500,8200,0.02,200,0.0,-49.34534,33.85400350068812,343.09768296743596,49.34534,309.24367946674784,True,True

2023-08-15 18:59:29.175584,5,3,300,500,8199,0.02,200,0.0,-48.99774,351.65204402074687,294.44395478041656,48.99774,57.20808924033031,True,True

2023-08-15 18:59:38.652408,6,0,210,200,8199,0,300,0.0,-145.399,295.1064460458658,150.97506745679604,145.399,144.13137858906978,True,True

2023-08-15 18:59:48.254148,7,0,180,300,8197,0.03,300,0.0,-168.6547,151.1225987777172,342.23235953291305,168.6547,191.10976075519585,True,True

2023-08-15 18:59:57.725469,7,1,180,300,8197,0.03,300,0.0,-169.837,349.5308257422886,176.18592516570965,169.837,173.34490057657894,True,True

2023-08-15 19:00:07.079096,7,2,180,300,8197,0.03,300,0.0,-169.1588,176.18592516570965,-0.0,169.1588,176.18592516570965,True,True

2023-08-15 19:00:16.882935,7,3,180,300,8196,0.03,300,0.0,-168.8026,-0.0,180.0,168.8026,180.0,True,True

2023-08-15 19:00:25.803119,8,0,45,500,8196,-0.02,500,0.0,40.15479,192.1595957285265,237.13904651383345,40.15479,44.97945078530694,True,True

2023-08-15 19:00:34.696724,9,0,30,600,8195,0.03,200,0.0,24.17065,237.2285907333257,262.00001652778104,24.17065,24.771425794455354,True,True

2023-08-15 19:00:43.934959,9,1,30,600,8195,0.03,200,0.0,24.75891,262.04247477308286,286.15194071463094,24.75891,24.10946594154808,True,True

2023-08-15 19:00:53.475166,10,0,240,500,8194,0.02,200,0.0,-110.9624,286.15194071463094,177.4551956201869,110.9624,108.69674509444403,True,True

2023-08-15 19:01:02.480544,11,0,45,400,8194,0.01,300,0.0,39.25037,177.4551956201869,213.18821951757045,39.25037,35.73302389738353,True,True

2023-08-15 19:01:11.955907,11,1,45,400,8193,0.01,300,0.0,38.43274,213.43986920578223,252.80833702474058,38.43274,39.36846781895835,True,True

2023-08-15 19:01:21.072832,12,0,90,300,8193,0,300,0.0,84.67407,252.80833702474058,337.03622694014547,84.67407,84.22788991540489,True,True

2023-08-15 19:01:30.316621,12,1,90,300,8193,0,300,0.0,84.76758,337.03622694014547,62.10272896905237,84.76758,274.9334979710931,True,True

2023-08-15 19:01:39.304037,12,2,90,300,8191,0,300,0.0,84.60596,62.10272896905237,145.38180515923824,84.60596,83.27907619018586,True,True

2023-08-15 19:01:48.382092,12,3,90,300,8191,0,300,0.0,85.15198,145.38180515923824,228.3664606634298,85.15198,82.98465550419155,True,True

2023-08-15 19:01:57.499055,13,0,240,700,8191,-0.01,500,0.0,-116.5358,228.5894967408382,114.51964268819076,116.5358,114.06985405264744,True,True

2023-08-15 19:02:06.496627,13,1,240,700,8190,-0.01,500,0.0,-117.2222,114.51964268819076,-0.0,117.2222,114.51964268819076,True,True

2023-08-15 19:17:37.827977,0,0,90,300,8188,0.01,200,0.0,84.52966,-0.0,84.69267315066882,84.52966,84.69267315066882,True,True

2023-08-15 19:17:46.503446,1,0,300,600,8186,0.01,500,0.0,-52.31467,84.69267315066882,32.22335523074788,52.31467,52.46931791992095,True,True

2023-08-15 19:25:33.989734,0,0,180,400,8174,0,400,0.0,-174.6321,31.974159353129178,216.09325581622025,174.6321,184.11909646309107,True,True

2023-08-15 19:25:43.149980,1,0,90,600,8174,-0.01,300,0.0,85.27271,216.09325581622025,302.7176724186393,85.27271,86.62441660241907,True,True

2023-08-15 19:25:52.329305,2,0,120,600,8172,0.01,300,0.0,113.3466,302.7176724186393,55.4914770123316,113.3466,247.22619540630774,True,True

2023-08-15 19:26:02.044513,2,1,120,600,8172,0.01,300,0.0,112.5222,55.4914770123316,168.44677480771495,112.5222,112.95529779538334,True,True

2023-08-15 19:26:11.403125,2,2,120,600,8171,0.01,300,0.0,113.8831,168.44677480771495,280.4138254709892,113.8831,111.96705066327425,True,True

2023-08-15 19:26:20.526579,2,3,120,600,8171,0.01,300,0.0,113.5924,280.4138254709892,33.44451568858067,113.5924,246.96930978240852,True,True

2023-08-15 19:26:29.775206,3,0,60,500,8169,-0.01,200,0.0,55.51215,33.19756579221645,89.683451952727,55.51215,56.485886160510546,True,True

2023-08-15 19:26:38.696233,3,1,60,500,8169,-0.01,200,0.0,55.59702,89.683451952727,145.13221156580477,55.59702,55.44875961307777,True,True

2023-08-15 19:26:48.431653,4,0,210,600,8169,0.02,400,0.0,-139.6049,145.13221156580477,-0.0,139.6049,145.13221156580477,True,True

2023-08-15 19:26:57.546968,5,0,240,200,8168,-0.02,300,0.0,-119.3406,-0.0,246.28381054863286,119.3406,246.28381054863286,True,True

2023-08-15 19:27:07.167470,5,1,240,200,8167,-0.02,300,0.0,-118.1844,246.40517943011855,129.88268515002736,118.1844,116.5224942800912,True,True

2023-08-15 19:27:16.862958,6,0,150,500,8166,-0.02,200,0.0,149.4313,129.45879522196014,277.04917816749526,149.4313,147.5903829455351,True,True

2023-08-15 19:27:26.363340,7,0,150,400,8166,0.03,200,0.0,140.91,277.04917816749526,58.12040315297727,140.91,218.92877501451798,True,True

2023-08-15 19:27:35.883675,7,1,150,400,8165,0.03,200,0.0,141.438,58.781597235653635,195.52411099675425,141.438,136.7425137611006,True,True

2023-08-15 19:27:45.010792,8,0,120,800,8165,0.01,500,0.0,113.9147,180.0,312.95459151111277,113.9147,132.95459151111277,True,True

2023-08-15 19:27:54.068176,8,1,120,800,8163,0.01,500,0.0,113.7593,312.95459151111277,65.43282867939868,113.7593,247.52176283171408,True,True

2023-08-15 19:28:03.667759,9,0,180,500,8163,0,400,0.0,-175.1108,65.70422362934201,250.2239233973608,175.1108,184.5196997680188,True,True

2023-08-15 19:28:13.204794,10,0,240,200,8163,0,200,0.0,-115.6702,250.50946949202458,136.2730300200567,115.6702,114.23643947196788,True,True

2023-08-15 19:28:22.866464,10,1,240,200,8162,0,200,0.0,-115.5575,136.2730300200567,11.668774000368952,115.5575,124.60425601968774,True,True

2023-08-15 19:28:32.832185,10,2,240,200,8162,0,200,0.0,-115.8329,11.967102376584965,265.6723517968918,115.8329,253.70524942030684,True,True

2023-08-15 19:28:42.485042,10,3,240,200,8162,0,200,0.0,-115.612,265.6723517968918,150.44359098218763,115.612,115.22876081470417,True,True

2023-08-15 19:28:51.179304,11,0,300,400,8161,-0.02,500,0.0,-61.60224,150.44359098218763,89.683451952727,61.60224,60.76013902946063,True,True

2023-08-15 19:28:59.910274,11,1,300,400,8160,-0.02,500,0.0,-63.51756,89.683451952727,180.0,63.51756,90.316548047273,True,True

2023-08-15 19:29:08.949301,11,2,300,400,8160,-0.02,500,0.0,-62.61163,180.0,324.1228962053785,62.61163,144.12289620537848,True,True

2023-08-15 19:29:18.060882,11,3,300,400,8159,-0.02,500,0.0,-62.6157,323.8870147555428,261.13813559360244,62.6157,62.74887916194035,True,True

2023-08-15 19:29:27.366024,12,0,90,700,8159,0.01,200,0.0,84.2238,261.13813559360244,345.45479725882564,84.2238,84.3166616652232,True,True

2023-08-15 19:30:03.508981,0,0,150,500,8157,0.03,400,0.0,140.124,345.3791260113683,125.18874313200395,140.124,220.1903828793644,True,True

2023-08-15 19:30:13.263532,0,1,150,500,8157,0.03,400,0.0,140.8062,125.36246188706905,265.3893506813394,140.8062,140.02688879427035,True,True

2023-08-15 19:30:22.570714,1,0,180,400,8155,0.02,400,0.0,-170.2388,265.3893506813394,94.71153094610156,170.2388,170.67781973523785,True,True

2023-08-15 19:30:31.028354,2,0,330,200,8154,0.03,500,0.0,-14.8341,94.6858998395027,79.83222451258862,14.8341,14.853675326914072,True,True

2023-08-15 19:30:40.029236,3,0,270,800,8155,-0.02,300,0.0,-90.79627,79.88604785420829,-0.0,90.79627,79.88604785420829,True,True

2023-08-15 19:30:49.452326,4,0,180,500,8155,0.02,400,0.0,-171.3415,358.7546357332317,180.0,171.3415,178.75463573323168,True,True

2023-08-15 19:30:58.945379,4,1,180,500,8154,0.02,400,0.0,-170.4209,180.0,1.8676788394341723,170.4209,178.13232116056582,True,True

2023-08-15 19:31:08.351771,4,2,180,500,8154,0.02,400,0.0,-170.9966,2.489552921999156,193.9617366444972,170.9966,191.47218372249804,True,True

2023-08-15 19:31:17.712011,4,3,180,500,8153,0.02,400,0.0,-171.5684,193.9617366444972,180.68614419783523,171.5684,13.27559244666196,True,True

2023-08-15 19:31:27.074508,5,0,180,500,8152,-0.02,500,0.0,-177.7203,180.68614419783523,210.70774492257846,177.7203,30.021600724743223,True,True

2023-08-15 19:31:36.966665,5,1,180,500,8151,-0.02,500,0.0,-178.3566,210.70774492257846,33.85400350068812,178.3566,176.85374142189033,True,True

2023-08-15 19:31:46.203303,5,2,180,500,8152,-0.02,500,0.0,-179.1504,33.85400350068812,214.35433665503967,179.1504,180.50033315435155,True,True

2023-08-15 19:31:55.448487,5,3,180,500,8150,-0.02,500,0.0,-178.2018,214.60076188761278,39.351752626264734,178.2018,175.24900926134805,True,True

2023-08-15 19:32:04.207279,6,0,60,600,8150,-0.02,400,0.0,56.5376,39.16521100315867,94.71153094610156,56.5376,55.546319942942894,True,True

2023-08-15 19:32:13.634441,7,0,210,800,8148,0.02,300,0.0,-140.5099,94.71153094610156,316.02669618005785,140.5099,221.3151652339563,True,True

2023-08-15 19:32:23.046527,7,1,210,800,8149,0.02,300,0.0,-139.9249,316.22757883213455,179.03982543333365,139.9249,137.1877533988009,True,True

2023-08-15 19:32:31.807104,8,0,45,600,8149,-0.02,300,0.0,41.15063,179.0451587461278,215.67640822186198,41.15063,36.631249475734165,True,True

2023-08-15 19:32:40.505727,8,1,45,600,8146,-0.02,300,0.0,39.05518,215.67640822186198,255.89011161181645,39.05518,40.213703389954475,True,True

2023-08-15 19:32:49.684875,9,0,45,500,8148,-0.02,400,0.0,41.10779,255.89011161181645,297.2235943546416,41.10779,41.33348274282514,True,True

2023-08-15 19:32:57.815983,10,0,0,600,8146,-0.01,500,0.0,0.0002441406,297.0894830256058,297.0894830256058,0.0002441406,0.0,True,True

2023-08-15 19:33:06.025521,10,1,0,600,8147,-0.01,500,0.0,-0.0006103516,297.0894830256058,297.0894830256058,0.0006103516,0.0,True,True

2023-08-15 19:33:14.424365,10,2,0,600,8147,-0.01,500,0.0,-0.0002441406,297.0894830256058,297.0894830256058,0.0002441406,0.0,True,True

2023-08-15 19:33:22.475840,10,3,0,600,8146,-0.01,500,0.0,0.0001220703,297.0894830256058,297.0894830256058,0.0001220703,0.0,True,True

2023-08-15 19:33:31.086574,11,0,330,600,8147,0,400,0.0,-25.67017,297.0894830256058,270,25.67017,27.089483025605773,True,True

2023-08-15 19:33:40.326412,12,0,270,700,8145,-0.02,200,0.0,-90.18982,270,180.0,90.18982,90.0,True,True

2023-08-15 19:33:49.453592,12,1,270,700,8146,-0.02,200,0.0,-90.41479,180.0,90,90.41479,90.0,True,True

2023-08-15 19:33:58.628358,12,2,270,700,8144,-0.02,200,0.0,-90.26379,90,-0.0,90.26379,90.0,True,True

2023-08-15 19:34:07.871971,12,3,270,700,8144,-0.02,200,0.0,-90.11084,-0.0,270.6193897032181,90.11084,270.6193897032181,True,True

2023-08-15 19:34:16.689166,13,0,60,800,8142,0,500,0.0,56.27563,270.6193897032181,328.3351063410459,56.27563,57.715716637827825,True,True

2023-08-15 19:34:25.391839,13,1,60,800,8144,0,500,0.0,55.31812,328.3351063410459,180.0,55.31812,148.3351063410459,True,True

2023-08-15 19:34:34.325216,13,2,60,800,8143,0,500,0.0,55.43738,180.0,78.03289762341504,55.43738,101.96710237658496,True,True

2023-08-15 19:34:43.144196,13,3,60,800,8143,0,500,0.0,55.6543,78.03289762341504,133.71747291728983,55.6543,55.684575293874786,True,True

2023-08-15 19:34:52.268351,14,0,120,300,8142,-0.01,300,0.0,116.4631,133.50936816473768,247.63633398452652,116.4631,114.12696581978884,True,True

2023-08-15 19:35:01.267382,15,0,240,500,8140,0.01,400,0.0,-111.5675,247.63633398452652,137.76678840116952,111.5675,109.869545583357,True,True

2023-08-15 19:35:10.508730,15,1,240,500,8142,0.01,400,0.0,-111.1541,137.563770211465,180.0,111.1541,42.436229788535,True,True

2023-08-15 19:35:19.516611,16,0,330,600,8141,0.01,300,0.0,-21.6084,180.0,-0.0,21.6084,180.0,True,True

2023-08-15 19:35:28.219405,16,1,330,600,8140,0.01,300,0.0,-22.03796,-0.0,342.89727103094765,22.03796,342.89727103094765,True,True

2023-08-15 19:35:37.027498,16,2,330,600,8140,0.01,300,0.0,-22.85449,342.89727103094765,320.751402090366,22.85449,22.145868940581636,True,True

2023-08-15 19:35:45.489887,16,3,330,600,8140,0.01,300,0.0,-22.4375,320.751402090366,297.34987578006985,22.4375,23.401526310296163,True,True

2023-08-15 19:35:54.373332,17,0,270,300,8140,0.02,400,0.0,-78.90527,297.34987578006985,217.1683104658389,78.90527,80.18156531423094,True,True

2023-08-15 19:36:03.370655,17,1,270,300,8138,0.02,400,0.0,-78.0542,217.1683104658389,142.28402365441684,78.0542,74.88428681142207,True,True

2023-08-15 19:36:12.543028,17,2,270,300,8138,0.02,400,0.0,-78.55591,142.28402365441684,63.16907704441841,78.55591,79.11494660999844,True,True

2023-08-15 19:36:21.427017,17,3,270,300,8138,0.02,400,0.0,-79.46167,63.30108042279502,343.93129916853377,79.46167,280.6302187457388,True,True

2023-08-15 19:36:30.607246,18,0,210,700,8137,-0.01,500,0.0,-147.3376,344.2192466904846,194.3354354195201,147.3376,149.88381127096451,True,True

2023-08-15 19:36:39.669192,19,0,210,800,8136,0,500,0.0,-145.8042,194.03624346792648,52.53944513950931,145.8042,141.49679832841719,True,True

2023-08-15 19:36:48.962733,19,1,210,800,8136,0,500,0.0,-144.8086,52.53944513950931,269.07096068057797,144.8086,216.53151554106864,True,True

2023-08-15 19:36:57.790011,20,0,330,300,8134,-0.01,300,0.0,-29.71313,269.07096068057797,237.13904651383345,29.71313,31.93191416674452,True,True

2023-08-15 19:37:06.967268,21,0,120,300,8135,0.01,500,0.0,111.9102,238.4710119622466,0.3113870402748284,111.9102,238.15962492197175,True,True

2023-08-15 19:37:16.146790,21,1,120,300,8134,0.01,500,0.0,113.4683,0.3113870402748284,103.59094844784133,113.4683,103.2795614075665,True,True

2023-08-15 19:37:25.743352,21,2,120,300,8134,0.01,500,0.0,114.0781,103.59094844784133,214.60076188761278,114.0781,111.00981343977145,True,True

2023-08-15 19:37:35.166239,21,3,120,300,8133,0.01,500,0.0,113.4543,214.60076188761278,330.03781590358227,113.4543,115.4370540159695,True,True

2023-08-15 19:37:44.231297,22,0,210,700,8132,0.02,500,0.0,-138.752,330.03781590358227,188.69910208462608,138.752,141.3387138189562,True,True

2023-08-15 19:37:53.407368,22,1,210,700,8132,0.02,500,0.0,-138.6904,188.7461622625552,53.36588612403259,138.6904,135.38027613852262,True,True

2023-08-15 19:38:03.193608,22,2,210,700,8132,0.02,500,0.0,-139.5361,53.36588612403259,273.0940580589171,139.5361,219.7281719348845,True,True

2023-08-15 19:38:12.607262,22,3,210,700,8132,0.02,500,0.0,-138.6501,273.07745539942437,137.34164546219915,138.6501,135.7358099372252,True,True

2023-08-15 19:38:22.265374,23,0,150,700,8130,0.01,200,0.0,143.7803,137.34164546219915,278.2158744151031,143.7803,140.87422895290393,True,True

2023-08-15 19:38:31.866540,23,1,150,700,8130,0.01,200,0.0,143.8303,278.2158744151031,62.50447272684363,143.8303,215.71140168825946,True,True

2023-08-15 19:38:39.981441,24,0,0,300,8129,0.03,400,0.0,0.0,62.50447272684363,62.50447272684363,0.0,0.0,True,True

2023-08-15 19:38:48.086599,24,1,0,300,8130,0.03,400,0.0,0.0002441406,62.50447272684363,62.10272896905237,0.0002441406,0.4017437577912588,True,True

2023-08-15 19:38:56.830583,25,0,60,200,8129,0.02,400,0.0,53.41797,62.50447272684363,116.43086926896217,53.41797,53.92639654211854,True,True

2023-08-15 19:39:05.648532,26,0,330,600,8129,-0.01,200,0.0,-27.51318,116.69891957720498,87.78524487268078,27.51318,28.913674704524198,True,True

2023-08-15 19:39:14.395658,27,0,45,400,8129,0.02,400,0.0,40.42334,88.41764607738139,129.31034065021083,40.42334,40.89269457282944,True,True

2023-08-15 19:39:23.107226,27,1,45,400,8128,0.02,400,0.0,39.66724,129.31034065021083,168.44677480771495,39.66724,39.13643415750411,True,True

2023-08-15 19:39:31.685570,27,2,45,400,8129,0.02,400,0.0,39.80249,168.14325272260476,205.8910142790935,39.80249,37.74776155648874,True,True

2023-08-15 19:39:40.330406,27,3,45,400,8126,0.02,400,0.0,39.59424,205.8910142790935,245.7309554728266,39.59424,39.8399411937331,True,True

2023-08-15 19:39:49.932676,28,0,300,400,8127,0,200,0.0,-55.53345,245.85445803957833,189.61456927090094,55.53345,56.23988876867739,True,True

2023-08-15 19:39:59.113219,29,0,150,300,8127,0.01,500,0.0,142.7947,189.91865062606084,334.61209370890407,142.7947,144.69344308284323,True,True

2023-08-15 19:40:08.351904,29,1,150,300,8125,0.01,500,0.0,144.6296,334.61209370890407,118.15988128466064,144.6296,216.45221242424344,True,True

2023-08-15 19:40:17.715814,30,0,210,800,8125,-0.02,400,0.0,-147.9209,117.89727103094762,330.8323866204222,147.9209,212.93511558947458,True,True

2023-08-15 19:40:27.066714,30,1,210,800,8125,-0.02,400,0.0,-149.093,330.8323866204222,180.9548412538722,149.093,149.87754536655,True,True

2023-08-15 19:40:35.707837,31,0,30,500,8125,0.03,300,0.0,23.91382,180.9548412538722,204.2690445271734,23.91382,23.314203273301217,True,True

2023-08-15 19:40:45.481987,32,0,240,700,8124,0.02,200,0.0,-111.0215,204.2690445271734,95.58724396420435,111.0215,108.68180056296906,True,True

2023-08-15 19:40:54.964876,32,1,240,700,8123,0.02,200,0.0,-110.9094,95.2786460634189,345.24127553924353,110.9094,249.96262947582463,True,True

2023-08-15 19:41:04.693743,33,0,180,500,8122,-0.02,500,0.0,-178.4194,345.52970589993413,168.5085609118866,178.4194,177.02114498804752,True,True

2023-08-15 19:41:14.591227,33,1,180,500,8122,-0.02,500,0.0,-178.9858,168.5085609118866,0.30970389995883885,178.9858,168.19885701192777,True,True

2023-08-15 19:41:23.829312,33,2,180,500,8122,-0.02,500,0.0,-177.3413,-0.0,176.20693571831137,177.3413,176.20693571831137,True,True

2023-08-15 19:41:33.308574,33,3,180,500,8120,-0.02,500,0.0,-177.4063,176.20693571831137,-0.0,177.4063,176.20693571831137,True,True

2023-08-15 19:41:42.066334,34,0,60,200,8120,0.03,500,0.0,52.65259,-0.0,49.557419019714004,52.65259,49.557419019714004,True,True

2023-08-15 19:41:51.071356,34,1,60,200,8121,0.03,500,0.0,54.03271,48.758555685472,103.51941411412938,54.03271,54.76085842865738,True,True

2023-08-15 19:42:00.735183,35,0,210,800,8119,0.01,200,0.0,-143.9077,103.51941411412938,320.8922276173191,143.9077,217.37281350318975,True,True

2023-08-15 19:42:10.326170,35,1,210,800,8119,0.01,200,0.0,-143.1409,320.71059313749964,180.0,143.1409,140.71059313749964,True,True

2023-08-15 19:42:19.881610,35,2,210,800,8118,0.01,200,0.0,-142.7983,180.0,33.03622110875595,142.7983,146.96377889124403,True,True

2023-08-15 19:42:29.710898,35,3,210,800,8118,0.01,200,0.0,-142.666,33.03622110875595,252.80833702474058,142.666,219.7721159159846,True,True

2023-08-15 19:42:38.409004,36,0,45,700,8117,-0.01,300,0.0,38.67749,253.09768296743596,291.52647983294946,38.67749,38.428796865513505,True,True

2023-08-15 19:42:47.288232,36,1,45,700,8117,-0.01,300,0.0,39.39722,292.0752877995728,332.5255683737229,39.39722,40.4502805741501,True,True

2023-08-15 19:42:57.007845,37,0,120,500,8117,-0.01,200,0.0,116.303,332.5255683737229,87.16899832213474,116.303,245.35657005158814,True,True

2023-08-15 19:43:06.544465,37,1,120,500,8116,-0.01,200,0.0,116.9819,87.16899832213474,198.53092156316825,116.9819,111.36192324103351,True,True

2023-08-15 19:43:16.325554,37,2,120,500,8115,-0.01,200,0.0,117.0505,198.53092156316825,320.3051096062104,117.0505,121.77418804304216,True,True

2023-08-15 19:43:26.287112,37,3,120,500,8115,-0.01,200,0.0,116.7798,320.8922276173191,76.40905155215867,116.7798,244.48317606516045,True,True

2023-08-15 19:43:35.226910,38,0,330,600,8114,0.01,500,0.0,-20.56616,76.40905155215867,54.59890306854181,20.56616,21.810148483616864,True,True

2023-08-15 19:43:43.991816,38,1,330,600,8114,0.01,500,0.0,-20.80322,54.59890306854181,28.42120922452686,20.80322,26.17769384401495,True,True

2023-08-15 19:43:52.806476,38,2,330,600,8115,0.01,500,0.0,-21.25879,184.7636416907262,4.019582487837469,21.25879,180.7440592028887,True,True

2023-08-15 19:44:37.812984,38,3,330,600,8112,0.01,500,0.0,-22.16455,4.327648203108187,356.3282999016293,22.16455,352.0006516985211,True,True

2023-08-15 19:44:46.444476,39,0,300,700,8112,0.01,400,0.0,-50.61035,356.3086140135487,295.9139907968485,50.61035,60.39462321670021,True,True

2023-08-15 19:44:55.512887,39,1,300,700,8112,0.01,400,0.0,-50.56372,295.9139907968485,245.18286912757316,50.56372,50.73112166927535,True,True

2023-08-15 19:45:04.208982,39,2,300,700,8111,0.01,400,0.0,-51.03076,245.18286912757316,191.1291892896112,51.03076,54.053679837961965,True,True

2023-08-15 19:45:13.090880,39,3,300,700,8111,0.01,400,0.0,-50.96045,191.7307753322874,144.39244934081893,50.96045,47.33832599146848,True,True

2023-08-15 19:45:22.258259,40,0,210,200,8111,0.02,500,0.0,-140.3318,144.88412400752208,-0.0,140.3318,144.88412400752208,True,True

2023-08-15 19:45:31.455306,40,1,210,200,8109,0.02,500,0.0,-140.3145,-0.0,223.32760563891074,140.3145,223.32760563891074,True,True

2023-08-15 19:45:40.572932,40,2,210,200,8109,0.02,500,0.0,-141.2712,223.32760563891074,84.66367990260856,141.2712,138.6639257363022,True,True

2023-08-15 19:45:49.809040,40,3,210,200,8109,0.02,500,0.0,-140.7131,84.66367990260856,305.2037900825255,140.7131,220.5401101799169,True,True

2023-08-15 19:45:58.630222,41,0,45,700,8108,0.01,200,0.0,37.57739,305.2037900825255,342.7879280730153,37.57739,37.58413799048981,True,True

2023-08-15 19:46:07.388097,41,1,45,700,8107,0.01,200,0.0,37.64063,342.7879280730153,-0.0,37.64063,342.7879280730153,True,True

2023-08-15 19:46:16.330017,41,2,45,700,8106,0.01,200,0.0,36.67065,-0.0,58.27639704231597,36.67065,58.27639704231597,True,True

2023-08-15 19:46:25.448672,41,3,45,700,8107,0.01,200,0.0,37.87524,58.27639704231597,95.58724396420435,37.87524,37.31084692188838,True,True

2023-08-15 19:46:34.205860,42,0,45,700,8105,0.02,500,0.0,40.70776,95.58724396420435,136.69715618960026,40.70776,41.10991222539592,True,True

2023-08-15 19:50:29.312426,0,0,0,200,7998,-0.02,200,0.0,2.384186,136.91624437249638,136.91624437249638,2.384186,0.0,True,True

2023-08-15 19:50:37.630281,0,1,0,200,8102,-0.02,200,0.0,-0.0002975464,136.91624437249638,136.91624437249638,0.0002975464,0.0,True,True

2023-08-15 19:50:45.867211,0,2,0,200,8101,-0.02,200,0.0,-0.0002293587,136.91624437249638,136.91624437249638,0.0002293587,0.0,True,True

2023-08-15 19:50:53.948295,0,3,0,200,8099,-0.02,200,0.0,-4.601479,136.91624437249638,136.91624437249638,4.601479,0.0,True,True

2023-08-15 19:51:02.899018,1,0,60,600,8098,0.01,200,0.0,53.84169,136.91624437249638,188.7461622625552,53.84169,51.82991789005882,True,True

2023-08-15 19:51:12.071893,1,1,60,600,8098,0.01,200,0.0,54.87125,187.51214410305275,244.23998876249186,54.87125,56.727844659439114,True,True

2023-08-15 19:51:21.072177,1,2,60,600,8097,0.01,200,0.0,53.97463,244.5107994437133,299.0264765708934,53.97463,54.51567712718011,True,True

2023-08-15 19:51:30.495171,1,3,60,600,8097,0.01,200,0.0,54.09015,299.0264765708934,-0.0,54.09015,299.0264765708934,True,True

2023-08-15 19:51:40.035703,2,0,240,400,8095,0.02,300,0.0,-109.6077,-0.0,243.56913073103783,109.6077,243.56913073103783,True,True

2023-08-15 19:51:48.738045,3,0,45,700,8095,-0.02,400,0.0,40.95924,243.56913073103783,283.9633481134748,40.95924,40.39421738243698,True,True

2023-08-15 19:51:58.689484,4,0,180,800,8095,-0.01,200,0.0,-177.2889,283.9633481134748,108.72094867471708,177.2889,175.24239943875773,True,True

2023-08-15 19:52:06.947397,5,0,0,500,8094,-0.02,500,0.0,-0.0001239777,108.72094867471708,108.72094867471708,0.0001239777,0.0,True,True

2023-08-15 19:52:15.089282,5,1,0,500,8093,-0.02,500,0.0,-0.0002689362,108.72094867471708,108.72094867471708,0.0002689362,0.0,True,True

2023-08-15 19:52:25.513073,6,0,60,300,8094,-0.02,500,0.0,55.349,108.72094867471708,163.71507752811658,55.349,54.9941288533995,True,True

2023-08-15 19:52:34.398409,6,1,60,300,8094,-0.02,500,0.0,53.79794,163.71507752811658,215.08925519984535,53.79794,51.37417767172877,True,True

2023-08-15 19:52:43.584538,7,0,210,500,8092,0,500,0.0,-144.6216,214.6764110459643,73.09768296743596,144.6216,141.57872807852834,True,True

2023-08-15 19:52:52.872886,7,1,210,500,8092,0,500,0.0,-143.6801,73.09768296743596,289.27609885346783,143.6801,216.17841588603187,True,True

2023-08-15 19:53:01.580243,8,0,45,400,8091,0.01,400,0.0,38.57745,289.6538240580533,328.8869064137966,38.57745,39.233082355743306,True,True

2023-08-15 19:53:10.216365,8,1,45,400,8090,0.01,400,0.0,38.38497,328.8869064137966,-0.0,38.38497,328.8869064137966,True,True

2023-08-15 19:53:18.916830,8,2,45,400,8090,0.01,400,0.0,38.84697,0.31308857502065557,45.0,38.84697,44.68691142497934,True,True

2023-08-15 19:53:27.571400,8,3,45,400,8091,0.01,400,0.0,39.38831,44.379492352166054,84.10448298763066,39.38831,39.72499063546461,True,True

2023-08-15 19:53:37.216583,9,0,180,700,8089,0.02,500,0.0,-169.7478,84.10448298763066,274.01958248783745,169.7478,189.9150995002068,True,True

2023-08-15 19:53:46.754890,9,1,180,700,8089,0.02,500,0.0,-169.4309,274.6354634269027,106.99082329198616,169.4309,167.64464013491653,True,True

2023-08-15 19:53:55.334043,10,0,30,400,8087,0.03,300,0.0,24.91095,107.28149837181664,132.23321159883048,24.91095,24.95171322701384,True,True

2023-08-15 19:54:04.276377,11,0,60,500,8088,-0.01,300,0.0,54.45032,132.23321159883048,184.71153094610156,54.45032,52.47831934727108,True,True

2023-08-15 19:54:13.097198,11,1,60,500,8088,-0.01,300,0.0,54.23492,184.99676066457135,239.44403572449224,54.23492,54.447275059920884,True,True

2023-08-15 19:54:21.798947,12,0,60,700,8087,0.02,500,0.0,53.68758,239.44403572449224,292.89055165624836,53.68758,53.446515931756124,True,True

2023-08-15 19:54:31.156125,12,1,60,700,8087,0.02,500,0.0,51.38638,292.89055165624836,344.3806078612892,51.38638,51.490056205040844,True,True

2023-08-15 19:54:40.038277,13,0,60,500,8087,0,300,0.0,54.71735,344.3806078612892,37.3371311581613,54.71735,307.0434767031279,True,True

2023-08-15 19:54:48.913821,13,1,60,500,8086,0,300,0.0,54.07859,37.10423490570622,92.2025981617658,54.07859,55.098363256059585,True,True

2023-08-15 19:54:58.935003,14,0,0,600,8086,0.01,500,0.0,-0.0001869202,92.2025981617658,92.2025981617658,0.0001869202,0.0,True,True

2023-08-15 19:55:06.965535,14,1,0,600,8085,0.01,500,0.0,3.814697,92.19057386403821,92.19057386403821,3.814697,0.0,True,True

2023-08-15 19:55:14.963938,14,2,0,600,8086,0.01,500,0.0,0.0002937317,92.2025981617658,92.2025981617658,0.0002937317,0.0,True,True

2023-08-15 19:55:23.216503,14,3,0,600,8085,0.01,500,0.0,-6.866455,92.2025981617658,92.2025981617658,6.866455,0.0,True,True

2023-08-15 19:55:32.654235,15,0,270,200,8085,0.02,300,0.0,-77.7019,92.2025981617658,4.351077951573885,77.7019,87.85152021019192,True,True

2023-08-15 19:55:41.952415,15,1,270,200,8084,0.02,300,0.0,-77.01953,5.250272729733047,298.0036838713407,77.01953,292.7534111416076,True,True

2023-08-15 19:55:50.829507,16,0,330,200,8084,0,400,0.0,-26.77252,298.1237353832888,270.6193897032181,26.77252,27.50434568007074,True,True

2023-08-15 19:55:59.719771,16,1,330,200,8083,0,400,0.0,-24.51352,270.6193897032181,245.85445803957833,24.51352,24.764931663639743,True,True

2023-08-15 19:56:08.346838,17,0,60,300,8083,0.03,500,0.0,53.70949,245.85445803957833,299.8169967774419,53.70949,53.962538737863554,True,True

2023-08-15 19:56:18.494382,18,0,180,200,8081,-0.02,300,0.0,-179.3077,299.8169967774419,121.87959684702273,179.3077,177.93739993041916,True,True

2023-08-15 19:56:28.154385,18,1,180,200,8081,-0.02,300,0.0,-179.2048,121.87959684702273,303.5304696671331,179.2048,181.65087282011038,True,True

2023-08-15 19:56:37.573845,18,2,180,200,8080,-0.02,300,0.0,-178.9783,303.5304696671331,125.91803042717123,178.9783,177.61243923996187,True,True

2023-08-15 19:56:47.408754,18,3,180,200,8080,-0.02,300,0.0,-179.108,125.91803042717123,307.2713630040484,179.108,181.35333257687716,True,True

2023-08-15 19:56:56.595457,19,0,210,600,8079,0.02,500,0.0,-138.5124,307.2713630040484,169.72285941858757,138.5124,137.54850358546082,True,True

2023-08-15 19:57:05.413680,20,0,60,700,8080,-0.01,400,0.0,52.72473,169.72285941858757,219.76772712186818,52.72473,50.0448677032806,True,True

2023-08-15 19:57:14.597553,20,1,60,700,8078,-0.01,400,0.0,54.48792,219.76772712186818,275.5275401516562,54.48792,55.759813029788006,True,True

2023-08-15 19:57:23.592440,20,2,60,700,8078,-0.01,400,0.0,53.35223,274.91656600601004,330.07606997491877,53.35223,55.15950396890872,True,True

2023-08-15 19:57:32.713611,20,3,60,700,8078,-0.01,400,0.0,54.35559,330.07606997491877,14.989862359681792,54.35559,315.08620761523696,True,True

2023-08-15 19:57:41.413709,21,0,60,600,8077,-0.02,500,0.0,55.11121,14.989862359681792,77.96940390346214,55.11121,62.97954154378034,True,True

2023-08-15 19:57:50.235785,21,1,60,600,8078,-0.02,500,0.0,56.74329,78.03289762341504,135.2129944817114,56.74329,57.180096858296366,True,True

2023-08-15 19:57:59.777951,22,0,180,500,8077,-0.01,500,0.0,-174.0844,135.2129944817114,321.7455796474828,174.0844,186.53258516577142,True,True

2023-08-15 19:58:09.377373,23,0,240,800,8076,0.03,200,0.0,-108.2432,321.7455796474828,211.62699060587596,108.2432,110.11858904160687,True,True

2023-08-15 19:58:18.327306,24,0,30,500,8075,-0.01,300,0.0,25.13568,211.62699060587596,236.55548431141932,25.13568,24.92849370554336,True,True

2023-08-15 19:58:27.612311,25,0,210,200,8075,0,300,0.0,-145.5759,236.39213583155274,93.12780612128616,145.5759,143.26432971026657,True,True

2023-08-15 19:58:37.276274,25,1,210,200,8074,0,300,0.0,-145.3774,93.43986969374602,308.8844964337146,145.3774,215.4446267399686,True,True

2023-08-15 19:58:46.630164,25,2,210,200,8073,0,300,0.0,-144.7137,309.1077723826809,165.36616902843383,144.7137,143.74160335424705,True,True

2023-08-15 19:58:56.112646,25,3,210,200,8073,0,300,0.0,-144.7351,165.6645645804799,11.967102376584965,144.7351,153.69746220389493,True,True

2023-08-15 19:59:04.812719,26,0,0,300,8073,0,400,0.0,0.0,-0.0,11.967102376584965,0.0,11.967102376584965,True,True

2023-08-15 19:59:14.599567,27,0,180,700,8073,-0.02,200,0.0,-178.8339,-0.0,197.95348301708367,178.8339,197.95348301708367,True,True

2023-08-15 19:59:24.431648,27,1,180,700,8073,-0.02,200,0.0,-179.142,198.24268182812344,180.0,179.142,18.242681828123438,True,True

2023-08-15 19:59:34.274191,27,2,180,700,8071,-0.02,200,0.0,-179.8435,180.0,203.8707668872219,179.8435,23.87076688722189,True,True

2023-08-15 19:59:44.357407,27,3,180,700,8071,-0.02,200,0.0,-178.439,203.8707668872219,180.0,178.439,23.87076688722189,True,True

2023-08-15 19:59:54.436760,28,0,120,500,8071,0.01,500,0.0,113.3105,180.0,140.7743259026633,113.3105,39.22567409733671,True,True

2023-08-15 20:00:03.087800,29,0,330,500,8069,0.01,300,0.0,-21.39941,140.7743259026633,119.22805194314515,21.39941,21.546273959518146,True,True

2023-08-15 20:00:12.555060,30,0,210,200,8070,-0.01,300,0.0,-147.2969,119.22805194314515,332.7838884426925,147.2969,213.55583649954735,True,True

2023-08-15 20:00:21.915690,30,1,210,200,8069,-0.01,300,0.0,-146.9739,332.7838884426925,184.71153094610156,146.9739,148.07235749659094,True,True

2023-08-15 20:00:31.622021,31,0,180,700,8068,-0.01,300,0.0,-175.9858,184.6858998395027,0.9340875539691632,175.9858,183.75181228553353,True,True

2023-08-15 20:00:41.290960,31,1,180,700,8067,-0.01,300,0.0,-176.2388,1.5565674713398678,192.0947570770121,176.2388,190.53818960567224,True,True

2023-08-15 20:00:50.597616,32,0,90,400,8067,0,500,0.0,85.22974,192.39540683375847,279.16234704572173,85.22974,86.76694021196326,True,True

2023-08-15 20:01:00.250912,32,1,90,400,8066,0,500,0.0,85.39697,279.16234704572173,-0.0,85.39697,279.16234704572173,True,True

2023-08-15 20:01:09.132770,32,2,90,400,8066,0,500,0.0,85.60156,-0.0,89.05043314356419,85.60156,89.05043314356419,True,True

2023-08-15 20:01:18.375798,32,3,90,400,8066,0,500,0.0,85.22607,89.05043314356419,176.56013030625397,85.22607,87.50969716268978,True,True

2023-08-15 20:01:27.973799,33,0,60,700,8066,0.01,300,0.0,53.37354,176.56013030625397,225.6250200740175,53.37354,49.06488976776353,True,True

2023-08-15 20:01:37.456166,34,0,150,300,8065,-0.01,200,0.0,147.0061,225.0,3.439869693746025,147.0061,221.56013030625397,True,True

2023-08-15 20:01:47.479249,34,1,150,300,8065,-0.01,200,0.0,146.8923,3.4212192764293063,160.40771810894847,146.8923,156.98649883251917,True,True

2023-08-15 20:01:56.408224,35,0,270,500,8064,-0.02,400,0.0,-89.84595,160.40771810894847,70.70995378081128,89.84595,89.6977643281372,True,True

2023-08-15 20:02:05.841359,36,0,270,200,8064,0.02,300,0.0,-78.32544,70.70995378081128,-0.0,78.32544,70.70995378081128,True,True

2023-08-15 20:02:14.835188,37,0,240,300,8063,-0.01,500,0.0,-116.6951,-0.0,234.25572774455222,116.6951,234.25572774455222,True,True

2023-08-15 20:02:26.658676,37,1,240,300,8063,-0.01,500,0.0,-116.7661,234.25572774455222,120.55596427550776,116.7661,113.69976346904446,True,True

2023-08-15 20:02:35.894434,38,0,120,700,8062,0,500,0.0,114.375,120.70774492257843,231.89242312248513,114.375,111.1846781999067,True,True

2023-08-15 20:02:45.434332,38,1,120,700,8062,0,500,0.0,113.9824,231.89242312248513,357.56335175318986,113.9824,125.67092863070474,True,True

2023-08-15 20:02:53.950150,39,0,30,300,8061,0,500,0.0,25.87939,357.56335175318986,3.7313969991604465,25.87939,353.8319547540294,True,True

2023-08-15 20:03:03.314631,40,0,150,600,8062,0.02,500,0.0,142.4338,3.7517290705259754,155.7309554728266,142.4338,151.9792264023006,True,True

2023-08-15 20:03:12.492447,40,1,150,600,8060,0.02,500,0.0,142.3419,155.7309554728266,296.6958632317827,142.3419,140.96490775895612,True,True

2023-08-15 20:03:21.734536,41,0,90,700,8060,0,200,0.0,85.68152,296.9565879946687,-0.0,85.68152,296.9565879946687,True,True

2023-08-15 20:03:29.973926,42,0,0,200,8059,0,200,0.0,0.0001220703,-0.0,-0.0,0.0001220703,0.0,True,True

2023-08-15 20:03:39.317258,43,0,240,800,8059,0.01,200,0.0,-112.7302,-0.0,270,112.7302,270.0,True,True

2023-08-15 20:03:48.737834,44,0,180,800,8059,0.02,400,0.0,-168.3292,270,102.39540683375846,168.3292,167.60459316624156,True,True

2023-08-15 20:03:58.276870,44,1,180,800,8058,0.02,400,0.0,-171.2185,102.39540683375846,291.8014094863518,171.2185,189.40600265259337,True,True

2023-08-15 20:04:07.091937,45,0,30,400,8057,-0.02,200,0.0,25.08765,291.8014094863518,317.64880575945864,25.08765,25.847396273106824,True,True

2023-08-15 20:04:15.976063,46,0,330,300,8057,-0.02,500,0.0,-31.89063,317.64880575945864,284.18111238680285,31.89063,33.46769337265579,True,True

2023-08-15 20:04:24.730809,46,1,330,300,8057,-0.02,500,0.0,-32.06641,283.9633481134748,252.61013190297,32.06641,31.353216210504797,True,True

2023-08-15 20:04:33.057999,47,0,0,800,8057,0.02,400,0.0,0.0,252.61013190297,252.61013190297,0.0,0.0,True,True

2023-08-15 20:04:41.350380,47,1,0,800,8057,0.02,400,0.0,-0.0002441406,252.61013190297,252.61013190297,0.0002441406,0.0,True,True

2023-08-15 20:04:50.416638,48,0,240,300,8057,0.01,400,0.0,-111.4268,252.61013190297,142.94840387389175,111.4268,109.66172802907826,True,True

2023-08-15 20:04:59.718924,48,1,240,300,8056,0.01,400,0.0,-110.9292,142.94840387389175,28.539985187959967,110.9292,114.40841868593178,True,True

2023-08-15 20:05:09.571563,48,2,240,300,8055,0.01,400,0.0,-110.9944,29.197486046064476,280.95406264339834,110.9944,251.75657659733386,True,True

2023-08-15 20:05:19.101866,48,3,240,300,8054,0.01,400,0.0,-109.8486,280.95406264339834,173.45370921670596,109.8486,107.50035342669239,True,True

2023-08-15 20:05:27.852875,49,0,300,200,8053,0.03,400,0.0,-46.21313,173.45370921670596,127.5868042912507,46.21313,45.86690492545526,True,True

2023-08-15 20:05:36.498919,49,1,300,200,8053,0.03,400,0.0,-45.26563,127.5868042912507,81.65204402074686,45.26563,45.934760270503844,True,True

2023-08-15 20:05:45.738841,49,2,300,200,8053,0.03,400,0.0,-44.4519,81.65204402074686,36.694323794444,44.4519,44.957720226302854,True,True

2023-08-15 20:05:54.374515,49,3,300,200,8052,0.03,400,0.0,-44.7876,36.694323794444,-0.0,44.7876,36.694323794444,True,True

2023-08-15 20:10:37.722808,0,0,90,800,8050,-0.01,400,0.0,83.63193,-0.0,76.48058588587062,83.63193,76.48058588587062,True,True

2023-08-15 20:10:47.618009,0,1,90,800,8048,-0.01,400,0.0,82.78133,76.48058588587062,159.44395478041653,82.78133,82.96336889454591,True,True

2023-08-15 20:10:56.235340,1,0,45,700,8047,0,500,0.0,39.96722,159.44395478041653,195.14792373081733,39.96722,35.70396895040079,True,True

2023-08-15 20:11:05.244048,1,1,45,700,8046,0,500,0.0,39.73843,195.14792373081733,236.96377889124406,39.73843,41.815855160426736,True,True

2023-08-15 20:11:14.918020,2,0,150,600,8044,0.02,400,0.0,141.0038,237.211508376476,9.512537602278984,141.0038,227.698970774197,True,True

2023-08-15 20:11:24.140672,2,1,150,600,8044,0.02,400,0.0,141.1871,9.512537602278984,159.72989516140635,141.1871,150.21735755912735,True,True

2023-08-15 20:11:33.806611,3,0,180,800,8043,0.01,200,0.0,-173.5201,159.72989516140635,357.5371833240832,173.5201,197.80728816267683,True,True

2023-08-15 20:11:42.929694,4,0,300,800,8043,0.03,200,0.0,-44.22614,357.5371833240832,302.40454348859544,44.22614,55.13263983548774,True,True

2023-08-15 20:11:52.223313,5,0,60,300,8042,0,200,0.0,55.49326,302.40454348859544,-0.0,55.49326,302.40454348859544,True,True

2023-08-15 20:12:01.815098,5,1,60,300,8041,0,200,0.0,54.77145,-0.0,52.6628688418387,54.77145,52.6628688418387,True,True

2023-08-15 20:12:11.071791,6,0,90,700,8041,0.01,400,0.0,83.74445,52.6628688418387,136.2730300200567,83.74445,83.610161178218,True,True

2023-08-15 20:12:20.431469,6,1,90,700,8040,0.01,400,0.0,83.48251,136.2730300200567,217.22539947161331,83.48251,80.95236945155662,True,True

2023-08-15 20:12:29.839624,6,2,90,700,8040,0.01,400,0.0,83.68774,216.8107078120311,302.40454348859544,83.68774,85.59383567656434,True,True

2023-08-15 20:12:38.811384,6,3,90,700,8039,0.01,400,0.0,83.85028,302.40454348859544,180.0,83.85028,122.40454348859544,True,True

2023-08-15 20:12:48.673402,7,0,270,400,8039,0,500,0.0,-84.11682,180.0,301.75948008481276,84.11682,121.75948008481276,True,True

2023-08-15 20:12:57.805591,7,1,270,400,8039,0,500,0.0,-82.99664,302.1593209879072,217.22539947161331,82.99664,84.9339215162939,True,True

2023-08-15 20:13:06.915613,8,0,240,400,8037,0.01,400,0.0,-111.7746,217.22539947161331,108.43494882292201,111.7746,108.7904506486913,True,True

2023-08-15 20:13:15.916207,8,1,240,400,8038,0.01,400,0.0,-110.5475,108.43494882292201,0.30970389995883885,110.5475,108.12524492296318,True,True

2023-08-15 20:13:25.277565,8,2,240,400,8036,0.01,400,0.0,-112.5786,-0.0,245.5808593278255,112.5786,245.5808593278255,True,True

2023-08-15 20:13:34.521110,8,3,240,400,8036,0.01,400,0.0,-111.0994,245.5808593278255,135.8487642715536,111.0994,109.7320950562719,True,True

2023-08-15 20:13:43.232454,9,0,30,800,8036,-0.02,200,0.0,23.87395,135.8487642715536,159.72989516140635,23.87395,23.881130889852756,True,True

2023-08-15 20:13:53.297365,10,0,270,300,8035,-0.02,200,0.0,-90.90652,159.83516755526492,68.91960292007747,90.90652,90.91556463518745,True,True

2023-08-15 20:14:03.441056,11,0,150,200,8035,-0.02,400,0.0,148.3239,68.81165425097275,213.77262622894744,148.3239,144.96097197797468,True,True

2023-08-15 20:14:13.105272,11,1,150,200,8034,-0.02,400,0.0,147.4327,213.77262622894744,2.476112673708713,147.4327,211.29651355523873,True,True

2023-08-15 20:14:22.581396,12,0,210,400,8033,0.03,200,0.0,-138.7677,2.476112673708713,222.49229827293374,138.7677,220.01618559922503,True,True

2023-08-15 20:14:32.476971,12,1,210,400,8032,0.03,200,0.0,-138.4084,222.49229827293374,86.24827092947402,138.4084,136.24402734345972,True,True

2023-08-15 20:14:42.560213,12,2,210,400,8032,0.03,200,0.0,-138.9657,85.93663400706696,308.480198248343,138.9657,222.54356424127604,True,True

2023-08-15 20:14:52.338512,12,3,210,400,8032,0.03,200,0.0,-138.0923,308.480198248343,170.63980919808668,138.0923,137.84038905025633,True,True

2023-08-15 20:15:01.279519,13,0,0,200,8031,0.03,200,0.0,-4.577637,173.72892255049885,170.94656133782624,4.577637,2.782361212672612,True,True

2023-08-15 20:15:09.455376,13,1,0,200,8032,0.03,200,0.0,0.0002746582,173.72892255049885,170.94656133782624,0.0002746582,2.782361212672612,True,True

2023-08-15 20:15:17.680595,13,2,0,200,8031,0.03,200,0.0,9.155273,170.94656133782624,170.9952208747227,9.155273,0.04865953689645153,True,True

2023-08-15 20:15:25.790370,13,3,0,200,8031,0.03,200,0.0,-0.0007781982,170.94656133782624,170.94656133782624,0.0007781982,0.0,True,True

2023-08-15 20:15:35.305191,14,0,150,200,8031,-0.02,200,0.0,148.7409,170.9952208747227,319.4925814799153,148.7409,148.49736060519263,True,True

2023-08-15 20:28:28.726295,0,0,30,200,8026,0.02,500,0.0,24.69764,323.47981792685005,0.31308857502065557,24.69764,323.1667293518294,True,True

2023-08-15 20:28:37.586340,0,1,30,200,8025,0.02,500,0.0,24.10301,0.31308857502065557,1.8778774472853594,24.10301,1.5647888722647039,True,True

2023-08-15 20:28:47.488944,1,0,180,200,8024,-0.02,400,0.0,-177.1514,1.8881880067409305,192.69536473857295,177.1514,190.80717673183202,True,True

2023-08-15 20:28:57.086275,1,1,180,200,8022,-0.02,400,0.0,-177.6747,192.69536473857295,9.563283829543064,177.6747,183.1320809090299,True,True

2023-08-15 20:29:06.568340,2,0,210,600,8022,0,400,0.0,-142.9285,9.563283829543064,235.56801420900933,142.9285,226.00473037946628,True,True

2023-08-15 20:29:16.405311,3,0,210,700,8021,-0.01,400,0.0,-146.6903,235.56801420900933,90.94956685643581,146.6903,144.61844735257353,True,True

2023-08-15 20:35:42.228714,0,0,90,800,8016,0.02,500,0.0,83.09026,90.94435040357963,176.20693571831137,83.09026,85.26258531473174,True,True

2023-08-15 20:35:51.150140,0,1,90,800,8014,0.02,500,0.0,81.52174,176.20693571831137,254.42745640318975,81.52174,78.22052068487838,True,True

2023-08-15 20:36:00.274939,0,2,90,800,8013,0.02,500,0.0,81.58737,254.13734162931192,335.6781067722764,81.58737,81.54076514296449,True,True

2023-08-15 20:36:09.450880,0,3,90,800,8012,0.02,500,0.0,82.77547,336.0673836919085,58.68225816025688,82.77547,277.3851255316516,True,True

2023-08-15 20:36:18.812906,1,0,240,800,8012,0,300,0.0,-115.7513,58.68225816025688,303.2899638375361,115.7513,244.60770567727923,True,True

2023-08-15 20:36:28.230742,1,1,240,800,8009,0,300,0.0,-114.4857,303.04812486997525,187.82135210437494,114.4857,115.22677276560032,True,True

2023-08-15 20:36:37.652487,2,0,45,700,8010,0,300,0.0,38.12846,187.77913719091435,225.62959860841028,38.12846,37.85046141749592,True,True

2023-08-15 20:36:46.348150,2,1,45,700,8010,0,300,0.0,39.24075,225.62959860841028,266.93897020058233,39.24075,41.309371592172056,True,True

2023-08-15 20:36:55.476675,3,0,45,500,8008,0,200,0.0,39.31464,266.3282999016293,305.77263280571066,39.31464,39.444332904081364,True,True

2023-08-15 20:37:04.834146,4,0,180,200,8008,-0.01,500,0.0,-179.0767,305.77263280571066,127.76975736074843,179.0767,178.00287544496223,True,True

2023-08-15 20:37:13.898322,5,0,60,600,8007,-0.01,300,0.0,53.9039,127.34934904464059,180.0,53.9039,52.65065095535941,True,True

2023-08-15 20:37:23.380366,5,1,60,600,8007,-0.01,300,0.0,53.42757,180.0,232.77460052838669,53.42757,52.774600528386685,True,True

2023-08-15 20:37:32.613744,6,0,60,400,8006,0.03,300,0.0,51.54086,232.77460052838669,285.33328479305356,51.54086,52.55868426466688,True,True

2023-08-15 20:37:41.978785,7,0,45,300,8005,0.03,400,0.0,37.8898,285.33328479305356,323.82386194304047,37.8898,38.490577149986905,True,True

2023-08-15 20:37:50.970954,7,1,45,300,8005,0.03,400,0.0,37.42288,323.82386194304047,0.3113870402748284,37.42288,323.51247490276563,True,True

2023-08-15 20:37:59.802121,7,2,45,300,8006,0.03,400,0.0,36.70728,-0.0,37.10423490570622,36.70728,37.10423490570622,True,True

2023-08-15 20:38:08.620180,7,3,45,300,8004,0.03,400,0.0,37.5549,36.86989764584402,74.55755339993044,37.5549,37.68765575408642,True,True

2023-08-15 20:38:18.089259,8,0,300,200,8001,0.03,300,0.0,-47.19839,74.55755339993044,180.0,47.19839,105.44244660006956,True,True

2023-08-15 20:38:26.913879,8,1,300,200,8003,0.03,300,0.0,-46.57164,180.0,342.22143891940397,46.57164,162.22143891940397,True,True

2023-08-15 20:38:36.150290,9,0,270,300,8003,-0.01,300,0.0,-88.00031,341.565051177078,253.18529843208202,88.00031,88.37975274499595,True,True

2023-08-15 20:38:45.571210,9,1,270,300,8002,-0.01,300,0.0,-86.07569,253.27203607943272,168.8112000717482,86.07569,84.46083600768452,True,True

2023-08-15 20:38:54.930708,9,2,270,300,8002,-0.01,300,0.0,-86.75579,168.8112000717482,81.34745820888527,86.75579,87.46374186286293,True,True

2023-08-15 20:39:03.992793,9,3,270,300,8001,-0.01,300,0.0,-86.96459,81.34745820888527,-0.0,86.96459,81.34745820888527,True,True

2023-08-15 20:39:13.352551,10,0,270,500,8001,-0.02,500,0.0,-90.3182,-0.0,265.438192012543,90.3182,265.438192012543,True,True

2023-08-15 20:39:21.993435,11,0,330,700,8000,-0.02,300,0.0,-33.10298,265.4139011038292,230.46021259214837,33.10298,34.95368851168081,True,True

2023-08-15 20:39:31.410161,11,1,330,700,8000,-0.02,300,0.0,-32.98369,230.46021259214837,195.44244660006956,32.98369,35.01776599207881,True,True

2023-08-15 20:39:40.416037,11,2,330,700,7998,-0.02,300,0.0,-32.12189,195.44244660006956,168.14325272260476,32.12189,27.299193877464802,True,True

2023-08-15 20:39:49.238611,11,3,330,700,7999,-0.02,300,0.0,-32.12625,167.8404042714735,136.2730300200567,32.12625,31.567374251416794,True,True

2023-08-15 20:39:58.531028,12,0,270,700,7998,-0.01,300,0.0,-87.26089,136.2730300200567,49.557419019714004,87.26089,86.71561100034269,True,True

2023-08-15 20:40:07.776378,12,1,270,700,7998,-0.01,300,0.0,-86.63876,49.557419019714004,323.2463208144685,86.63876,273.6889017947545,True,True

2023-08-15 20:40:21.152104,12,2,270,700,7996,-0.01,300,0.0,-86.96613,323.2463208144685,234.49685853869101,86.96613,88.74946227577749,True,True

2023-08-15 20:40:30.627022,12,3,270,700,7997,-0.01,300,0.0,-86.35107,234.91074480015465,151.53483785734517,86.35107,83.37590694280948,True,True

2023-08-15 20:40:40.004973,13,0,150,800,7995,0.01,400,0.0,141.687,151.53483785734517,291.9649555108147,141.687,140.43011765346955,True,True

2023-08-15 20:40:49.293693,13,1,150,800,7995,0.01,400,0.0,142.3735,291.9649555108147,73.67903626938065,142.3735,218.28591924143407,True,True

2023-08-15 20:40:58.414957,14,0,60,200,7995,0,300,0.0,53.90344,73.59322785309737,127.34934904464059,53.90344,53.756121191543215,True,True

2023-08-15 20:41:07.586514,14,1,60,200,7995,0,300,0.0,53.70221,127.34934904464059,180.0,53.70221,52.65065095535941,True,True

2023-08-15 20:41:17.307862,15,0,180,500,7994,0.02,500,0.0,-166.0182,180.0,-0.0,166.0182,180.0,True,True

2023-08-15 20:41:26.855321,16,0,150,200,7994,0.02,400,0.0,142.0848,-0.0,157.52056560289688,142.0848,157.52056560289688,True,True

2023-08-15 20:41:36.085539,16,1,150,200,7993,0.02,400,0.0,141.8835,157.52056560289688,298.26124144157234,141.8835,140.74067583867546,True,True

2023-08-15 20:41:45.814880,17,0,150,400,7993,-0.02,500,0.0,147.5993,298.0036838713407,85.3141001604973,147.5993,212.68958371084338,True,True

2023-08-15 20:41:55.110664,17,1,150,400,7993,-0.02,500,0.0,146.7909,85.3141001604973,229.81574453739447,146.7909,144.50164437689716,True,True

2023-08-15 20:42:04.828462,17,2,150,400,7991,-0.02,500,0.0,147.7297,229.81574453739447,-0.0,147.7297,229.81574453739447,True,True

2023-08-15 20:42:14.312104,17,3,150,400,7991,-0.02,500,0.0,147.7696,-0.0,166.0382633555028,147.7696,166.0382633555028,True,True

2023-08-15 20:42:23.129064,18,0,45,300,7990,0.01,200,0.0,38.53879,166.0382633555028,199.10448505090963,38.53879,33.066221695406824,True,True

2023-08-15 20:42:32.006994,18,1,45,300,7991,0.01,200,0.0,37.10516,202.52734055610085,240.62595999388583,37.10516,38.098619437784976,True,True

2023-08-15 20:42:41.668310,19,0,210,200,7990,0.02,500,0.0,-138.5479,241.03233935393598,103.51941411412938,138.5479,137.5129252398066,True,True

2023-08-15 20:42:50.854472,20,0,150,700,7990,0,500,0.0,144.1374,103.22306765270135,245.85445803957833,144.1374,142.631390386877,True,True

2023-08-15 20:42:59.963901,20,1,150,700,7989,0,500,0.0,145.175,245.97678420183027,28.02028915541389,145.175,217.95649504641636,True,True

2023-08-15 20:43:09.031792,20,2,150,700,7987,0,500,0.0,144.3748,28.02028915541389,174.63436907336018,144.3748,146.6140799179463,True,True

2023-08-15 20:43:18.451183,20,3,150,700,7988,0,500,0.0,145.4714,174.66367990260855,319.9341643405601,145.4714,145.27048443795152,True,True

2023-08-15 20:43:27.509880,21,0,300,200,7987,0.01,300,0.0,-50.54486,320.1203555430395,270,50.54486,50.12035554303952,True,True

2023-08-15 20:43:36.625609,21,1,300,200,7987,0.01,300,0.0,-50.76764,270,216.8107078120311,50.76764,53.1892921879689,True,True

2023-08-15 20:43:45.503406,21,2,300,200,7987,0.01,300,0.0,-49.69,216.8107078120311,168.8112000717482,49.69,47.999507740282894,True,True

2023-08-15 20:43:54.334249,21,3,300,200,7987,0.01,300,0.0,-49.9444,168.8112000717482,119.63391478717662,49.9444,49.17728528457158,True,True

2023-08-15 20:44:02.848011,22,0,30,500,7987,-0.01,400,0.0,25.03546,119.48712567294147,144.46232220802563,25.03546,24.97519653508415,True,True

2023-08-15 20:44:11.781231,22,1,30,500,7986,-0.01,400,0.0,25.70148,144.46232220802563,170.38543072909906,25.70148,25.92310852107343,True,True

2023-08-15 20:44:21.087054,22,2,30,500,7985,-0.01,400,0.0,26.901,170.38543072909906,193.81502534126162,26.901,23.42959461216256,True,True

2023-08-15 20:44:29.791693,22,3,30,500,7985,-0.01,400,0.0,25.80377,193.88800116090678,221.0188013435784,25.80377,27.130800182671607,True,True

2023-08-15 20:44:38.785791,23,0,270,800,7986,0.03,500,0.0,-74.56396,221.0188013435784,148.9845791180759,74.56396,72.03422222550248,True,True

2023-08-15 20:44:48.093460,24,0,300,500,7985,0,200,0.0,-54.28632,148.82865097228014,92.81555668421123,54.28632,56.01309428806891,True,True

2023-08-15 20:44:57.327840,24,1,300,500,7984,0,200,0.0,-53.3667,92.81555668421123,39.994167447048916,53.3667,52.821389237162315,True,True

2023-08-15 20:45:05.976768,25,0,330,700,7984,0,200,0.0,-25.0163,39.39256803930824,-0.0,25.0163,39.39256803930824,True,True

2023-08-15 20:45:15.335516,26,0,60,600,7983,0.03,200,0.0,53.0152,-0.0,68.42218266452696,53.0152,68.42218266452696,True,True

2023-08-15 20:45:24.510218,26,1,60,600,7981,0.03,200,0.0,52.66333,67.97694450318876,120.40553365100084,52.66333,52.428589147812076,True,True

2023-08-15 20:45:33.687806,27,0,300,500,7983,-0.01,300,0.0,-56.93512,120.40553365100084,63.56757770527416,56.93512,56.83795594572668,True,True

2023-08-15 20:45:42.810239,27,1,300,500,7982,-0.01,300,0.0,-56.35883,63.7020600789788,-0.0,56.35883,63.7020600789788,True,True

2023-08-15 20:45:51.806558,27,2,300,500,7981,-0.01,300,0.0,-55.8703,-0.0,312.15786211634435,55.8703,312.15786211634435,True,True

2023-08-15 20:46:00.990004,27,3,300,500,7981,-0.01,300,0.0,-55.99957,312.35119424054136,255.16500780574125,55.99957,57.186186434800106,True,True

2023-08-15 20:46:10.350433,28,0,60,700,7982,-0.01,200,0.0,55.50806,255.16500780574125,311.94440654224707,55.50806,56.77939873650581,True,True

2023-08-15 20:46:19.353327,29,0,300,600,7981,0.01,200,0.0,-51.07196,311.94440654224707,260.28943073398653,51.07196,51.65497580826053,True,True

2023-08-15 20:46:28.288121,29,1,300,600,7979,0.01,200,0.0,-51.90604,260.28943073398653,206.69891957720498,51.90604,53.59051115678156,True,True

2023-08-15 20:46:37.831764,30,0,210,700,7979,0.02,200,0.0,-139.8196,206.69891957720498,69.76030863038169,139.8196,136.9386109468233,True,True

2023-08-15 20:46:47.309567,30,1,210,700,7978,0.02,200,0.0,-140.5132,69.65589874408161,289.17900802581073,140.5132,219.52310928172912,True,True

2023-08-15 20:46:57.508378,30,2,210,700,7979,0.02,200,0.0,-140.5956,289.17900802581073,150.59281093926634,140.5956,138.5861970865444,True,True

2023-08-15 20:47:07.114254,30,3,210,700,7977,0.02,200,0.0,-141.1476,150.59281093926634,0.3148088073891026,141.1476,150.27800213187723,True,True

2023-08-15 20:47:16.587540,31,0,270,600,7976,0.02,500,0.0,-79.3419,0.3148088073891026,290.6589100633075,79.3419,290.34410125591836,True,True

2023-08-15 20:47:25.652651,31,1,270,600,7976,0.02,500,0.0,-80.12656,290.76276391196313,209.37404000611417,80.12656,81.38872390584896,True,True

2023-08-15 20:47:35.133551,32,0,240,700,7977,-0.02,300,0.0,-118.8533,209.89245541880456,92.83100167786526,118.8533,117.0614537409393,True,True

2023-08-15 20:47:44.666037,32,1,240,700,7974,-0.02,300,0.0,-118.4884,92.83100167786526,335.65258393111355,118.4884,242.8215822532483,True,True

2023-08-15 20:47:54.154940,32,2,240,700,7976,-0.02,300,0.0,-118.9497,335.2656974709475,214.91940201245768,118.9497,120.3462954584898,True,True

2023-08-15 20:48:03.324751,32,3,240,700,7975,-0.02,300,0.0,-119.5052,214.91940201245768,97.73737277320629,119.5052,117.18202923925139,True,True

2023-08-15 20:48:12.644700,33,0,45,300,7974,-0.01,500,0.0,40.01654,97.73737277320629,137.96823402987172,40.01654,40.230861256665435,True,True

2023-08-15 20:48:21.646621,33,1,45,300,7974,-0.01,500,0.0,38.55737,137.96823402987172,177.78524487268078,38.55737,39.817010842809054,True,True

2023-08-15 20:48:30.347200,33,2,45,300,7974,-0.01,500,0.0,39.96149,177.78524487268078,214.01934998982645,39.96149,36.234105117145674,True,True

2023-08-15 20:48:39.049795,33,3,45,300,7974,-0.01,500,0.0,40.85291,214.01934998982645,255.45479725882564,40.85291,41.435447268999184,True,True

2023-08-15 20:48:47.790364,34,0,60,600,7972,0.02,400,0.0,53.25873,255.45479725882564,309.3296426561061,53.25873,53.87484539728047,True,True

2023-08-15 20:48:56.980638,35,0,150,500,7973,-0.01,500,0.0,145.3656,309.3296426561061,94.06336599293304,145.3656,215.26627666317307,True,True

2023-08-15 20:49:06.099324,35,1,150,500,7971,-0.01,500,0.0,145.5395,94.06336599293304,237.71113256552948,145.5395,143.64776657259642,True,True

2023-08-15 20:49:15.691776,35,2,150,500,7971,-0.01,500,0.0,144.4052,237.71113256552948,180.0,144.4052,57.71113256552948,True,True

2023-08-15 20:49:25.351622,35,3,150,500,7971,-0.01,500,0.0,145.5137,180.0,167.5382440794462,145.5137,12.461755920553799,True,True

2023-08-15 20:49:34.409642,36,0,330,400,7971,0.01,400,0.0,-19.50109,167.5382440794462,147.48248938495448,19.50109,20.055754694491725,True,True

2023-08-15 20:49:42.475236,37,0,0,400,7969,0.03,200,0.0,-8.010864,147.48248938495448,147.64409081215723,8.010864,0.16160142720275417,True,True

2023-08-15 20:49:50.849701,37,1,0,400,7971,0.03,200,0.0,-2.288818,147.48248938495448,147.7378307038741,2.288818,0.2553413189196192,True,True

2023-08-15 20:49:59.215141,37,2,0,400,7970,0.03,200,0.0,5.340576,147.89875110416443,147.64409081215723,5.340576,0.25466029200720186,True,True

2023-08-15 20:50:07.482162,37,3,0,400,7969,0.03,200,0.0,-3.814697,147.80426606528675,147.89875110416443,3.814697,0.09448503887767856,True,True

2023-08-15 20:50:16.712812,38,0,240,600,7970,0,500,0.0,-115.5242,147.89875110416443,30.405533651000844,115.5242,117.4932174531636,True,True

2023-08-15 20:50:26.129880,38,1,240,600,7968,0,500,0.0,-114.6873,30.811239289350247,278.1727648775545,114.6873,247.36152558820427,True,True

2023-08-15 20:50:35.495051,38,2,240,600,7968,0,500,0.0,-114.22,278.2158744151031,165.4435756799257,114.22,112.7722987351774,True,True

2023-08-15 20:50:44.792108,38,3,240,600,7968,0,500,0.0,-115.1648,165.4435756799257,50.19442890773481,115.1648,115.24914677219087,True,True

2023-08-15 20:50:53.914487,39,0,330,500,7968,0.03,400,0.0,-13.8501,49.59054318560603,34.75097921624401,13.8501,14.839563969362018,True,True

2023-08-15 20:51:02.612419,39,1,330,500,7968,0.03,400,0.0,-14.4328,34.75097921624401,180.0,14.4328,145.24902078375598,True,True

2023-08-15 20:51:11.179502,39,2,330,500,7967,0.03,400,0.0,-16.09421,-0.0,1.8575903703202568,16.09421,1.8575903703202568,True,True

2023-08-15 20:51:19.890020,39,3,330,500,7967,0.03,400,0.0,-13.83374,2.78516642211435,-0.0,13.83374,2.78516642211435,True,True

2023-08-15 20:51:29.136221,40,0,60,300,7967,-0.01,400,0.0,53.09235,-0.0,42.92497363858259,53.09235,42.92497363858259,True,True

2023-08-15 20:51:37.195339,41,0,0,600,7965,-0.01,400,0.0,-0.000213623,42.92497363858259,42.09618113490372,0.000213623,0.8287925036788693,True,True

2023-08-15 20:51:45.293376,41,1,0,600,7966,-0.01,400,0.0,-3.051758,42.92497363858259,42.09618113490372,3.051758,0.8287925036788693,True,True

2023-08-15 20:51:53.794668,42,0,330,800,7965,0.03,400,0.0,-12.21924,42.92497363858259,180.68614419783523,12.21924,137.76117055925263,True,True

2023-08-15 20:52:03.209624,43,0,120,400,7964,-0.02,500,0.0,116.7437,180.68614419783523,145.89354605803717,116.7437,34.79259813979806,True,True

2023-08-15 20:52:13.172136,44,0,180,300,7964,-0.02,200,0.0,-178.4419,145.4759916668943,328.63905205237205,178.4419,183.16306038547776,True,True

2023-08-15 20:52:35.253062,44,1,180,300,7963,-0.02,200,0.0,-178.2711,328.63905205237205,150.59281093926634,178.2711,178.0462411131057,True,True

2023-08-15 20:52:45.154014,44,2,180,300,7962,-0.02,200,0.0,-177.8458,150.59281093926634,333.82917961644563,177.8458,183.23636867717929,True,True

2023-08-15 20:52:54.932878,44,3,180,300,7962,-0.02,200,0.0,-178.4653,333.9581834051062,156.28381054863286,178.4653,177.67437285647333,True,True

2023-08-15 20:53:03.688966,45,0,300,600,7961,-0.02,500,0.0,-59.85297,156.28381054863286,96.23708007645848,59.85297,60.046730472174374,True,True

2023-08-15 20:53:11.866008,46,0,0,400,7960,0,500,0.0,-0.0001220703,95.58724396420435,96.23708007645848,0.0001220703,0.6498361122541354,True,True

2023-08-15 20:53:19.966737,46,1,0,400,7961,0,500,0.0,-0.0001220703,96.20344790169183,95.58724396420435,0.0001220703,0.6162039374874837,True,True

2023-08-15 20:53:28.772386,47,0,30,500,7960,0.02,500,0.0,23.75049,96.51101944340064,120.40553365100084,23.75049,23.894514207600196,True,True

2023-08-15 20:53:38.015371,48,0,60,400,7961,0.01,200,0.0,54.41327,120.40553365100084,176.54127568119358,54.41327,56.135742030192745,True,True

2023-08-15 20:53:47.554971,49,0,180,300,7959,-0.01,500,0.0,-173.9182,176.54127568119358,-0.0,173.9182,176.54127568119358,True,True

2023-08-15 20:53:57.091716,49,1,180,300,7959,-0.01,500,0.0,-173.9014,-0.0,186.20344790169185,173.9014,186.20344790169185,True,True

